source-to-image,      timeout,
source-to-image,      timeout,
source-to-image,      timeout,
os,1 process created,
os,      timeout,
os,1 process created,
os,1 process created,
os,      timeout,
os,      timeout,
os,      timeout,
semaphore,      timeout,
email,      timeout,
perkeep,      timeout,
perkeep,      timeout,
perkeep,      timeout,
perkeep,spin: /Users/redfloyd/go/src/github.com/nicolasdilley/gomela/result2020-10-08--12:09:30/perkeep/blobserver_WaitForBlob.pml:32, Error: place initialized chan decl of 'child_hubRegisterListener0' at start of proctype ,
perkeep,spin: /Users/redfloyd/go/src/github.com/nicolasdilley/gomela/result2020-10-08--12:09:30/perkeep/chanworker_NewWorker.pml:60, Error: syntax error	saw 'process name' near 'Anonymous0',
perkeep,1 process created,
perkeep,      timeout,
perkeep,spin: /Users/redfloyd/go/src/github.com/nicolasdilley/gomela/result2020-10-08--12:09:30/perkeep/encrypt_readAllMetaBlobs.pml:82, Error: undeclared variable: Wgdef	saw 'an identifier' near 'wg',
perkeep,      timeout,
perkeep,1 process created,
perkeep,      timeout,
perkeep,      timeout,
perkeep,      timeout,
perkeep,      timeout,
perkeep,1 process created,
perkeep,1 process created,
perkeep,1 process created,
perkeep,      timeout,
perkeep,      timeout,
perkeep,1 process created,
perkeep,      timeout,
perkeep,      timeout,
perkeep,1 process created,
perkeep,1 process created,
perkeep,1 process created,
perkeep,      timeout,
perkeep,      timeout,
perkeep,,
perkeep,      timeout,
perkeep,spin: /Users/redfloyd/go/src/github.com/nicolasdilley/gomela/result2020-10-08--12:09:30/perkeep/main_iter.pml:45, Error: place initialized chan decl of 'child_dwalk1' at start of proctype ,
perkeep,1 process created,
perkeep,spin: /Users/redfloyd/go/src/github.com/nicolasdilley/gomela/result2020-10-08--12:09:30/perkeep/remote_newFromConfig.pml:49, Error: place initialized chan decl of 'child_stoEnumerateBlobs0' at start of proctype ,
perkeep,1 process created,
perkeep,      timeout,
perkeep,      timeout,
perkeep,      timeout,
perkeep,      timeout,
perkeep,      timeout,
perkeep,      timeout,
perkeep,      timeout,
perkeep,      timeout,
perkeep,      timeout,
perkeep,      timeout,
perkeep,      timeout,
perkeep,1 process created,
perkeep,      timeout,
perkeep,      timeout,
perkeep,      timeout,
perkeep,      timeout,
perkeep,1 process created,
perkeep,      timeout,
perkeep,      timeout,
perkeep,      timeout,
perkeep,1 process created,
perkeep,      timeout,
perkeep,1 process created,
lnd,      timeout,
lnd,      timeout,
lnd,spin: /Users/redfloyd/go/src/github.com/nicolasdilley/gomela/result2020-10-08--12:09:30/lnd/autopilot_StartAgent.pml:95, Error: undeclared variable: topChange_ChannelEdgeUpdates	saw '')' = 41',
lnd,1 process created,
lnd,,
lnd,      timeout,
lnd,      timeout,
lnd,1 process created,
lnd,      timeout,
lnd,      timeout,
lnd,      timeout,
lnd,      timeout,
lnd,      timeout,
lnd,      timeout,
lnd,      timeout,
lnd,      timeout,
lnd,      timeout,
lnd,      timeout,
lnd,1 process created,
lnd,      timeout,
lnd,      timeout,
lnd,      timeout,
lnd,1 process created,
lnd,1 process created,
lnd,      timeout,
lnd,,
lnd,      timeout,
lnd,      timeout,
lnd,      timeout,
lnd,      timeout,
lnd,      timeout,
lnd,      timeout,
lnd,      timeout,
lnd,      timeout,
lnd,      timeout,
lnd,      timeout,
lnd,      timeout,
lnd,      timeout,
lnd,      timeout,
lnd,      timeout,
lnd,      timeout,
lnd,1 process created,
lnd,      timeout,
lnd,      timeout,
lnd,      timeout,
lnd,1 process created,
lnd,      timeout,
lnd,      timeout,
lnd,      timeout,
lnd,spin: /Users/redfloyd/go/src/github.com/nicolasdilley/gomela/result2020-10-08--12:09:30/lnd/htlcswitch_ResetMessages.pml:25, Error: place initialized chan decl of 'child_msignalUntilReset0' at start of proctype ,
lnd,spin: /Users/redfloyd/go/src/github.com/nicolasdilley/gomela/result2020-10-08--12:09:30/lnd/htlcswitch_ResetPackets.pml:25, Error: place initialized chan decl of 'child_msignalUntilReset0' at start of proctype ,
lnd,1 process created,
lnd,      timeout,
lnd,      timeout,
lnd,      timeout,
lnd,      timeout,
lnd,      timeout,
lnd,      timeout,
lnd,      timeout,
lnd,      timeout,
lnd,      timeout,
lnd,      timeout,
lnd,      timeout,
lnd,      timeout,
lnd,,
lnd,      timeout,
lnd,      timeout,
lnd,      timeout,
lnd,      timeout,
lnd,spin: /Users/redfloyd/go/src/github.com/nicolasdilley/gomela/result2020-10-08--12:09:30/lnd/lnd_ChannelAcceptor.pml:38, Error: undeclared variable: respChan	saw '',' = 44',
lnd,1 process created,
lnd,      timeout,
lnd,      timeout,
lnd,      timeout,
lnd,      timeout,
lnd,      timeout,
lnd,1 process created,
lnd,      timeout,
lnd,,
lnd,      timeout,
lnd,spin: /Users/redfloyd/go/src/github.com/nicolasdilley/gomela/result2020-10-08--12:09:30/lnd/lnd_annAfterSixConfs.pml:31, Error: place initialized chan decl of 'child_f_cfgNotifyWhenOnline0' at start of proctype ,
lnd,spin: /Users/redfloyd/go/src/github.com/nicolasdilley/gomela/result2020-10-08--12:09:30/lnd/lnd_continueFundingAccept.pml:19, Error: syntax error statement separator near 'bool',
lnd,1 process created,
lnd,spin: /Users/redfloyd/go/src/github.com/nicolasdilley/gomela/result2020-10-08--12:09:30/lnd/lnd_handleFundingCreated.pml:19, Error: syntax error statement separator near 'Chandef',
lnd,1 process created,
lnd,spin: /Users/redfloyd/go/src/github.com/nicolasdilley/gomela/result2020-10-08--12:09:30/lnd/lnd_handleFundingSigned.pml:18, Error: syntax error statement separator near 'bool',
lnd,1 process created,
lnd,1 process created,
lnd,1 process created,
lnd,      timeout,
lnd,      timeout,
lnd,      timeout,
lnd,1 process created,
lnd,1 process created,
lnd,      timeout,
lnd,      timeout,
lnd,      timeout,
lnd,1 process created,
lnd,1 process created,
lnd,      timeout,
lnd,      timeout,
lnd,      timeout,
lnd,      timeout,
lnd,      timeout,
lnd,      timeout,
lnd,      timeout,
lnd,      timeout,
lnd,      timeout,
lnd,      timeout,
lnd,      timeout,
lnd,      timeout,
lnd,      timeout,
lnd,      timeout,
lnd,1 process created,
lnd,      timeout,
lnd,      timeout,
lnd,      timeout,
lnd,      timeout,
lnd,1 process created,
lnd,      timeout,
lnd,      timeout,
lnd,1 process created,
lnd,      timeout,
lnd,      timeout,
lnd,1 process created,
lnd,      timeout,
lnd,      timeout,
lnd,      timeout,
lnd,      timeout,
lnd,      timeout,
lnd,1 process created,
lnd,      timeout,
lnd,      timeout,
lnd,      timeout,
lnd,1 process created,
lnd,      timeout,
lnd,1 process created,
lnd,      timeout,
lnd,      timeout,
lnd,      timeout,
lnd,      timeout,
lnd,      timeout,
lnd,spin: /Users/redfloyd/go/src/github.com/nicolasdilley/gomela/result2020-10-08--12:09:30/lnd/sweep_RegisterSpendNtfn.pml:32, Error: place initialized chan decl of 'child_msendSpend0' at start of proctype ,
lnd,1 process created,
lnd,      timeout,
lnd,      timeout,
lnd,      timeout,
lnd,      timeout,
lnd,      timeout,
lnd,      timeout,
lnd,      timeout,
lnd,      timeout,
lnd,      timeout,
lnd,      timeout,
lnd,      timeout,
lnd,      timeout,
lnd,      timeout,
gen,1 process created,
golearn,      timeout,
lantern,      timeout,
lantern,      timeout,
lantern,spin: /Users/redfloyd/go/src/github.com/nicolasdilley/gomela/result2020-10-08--12:09:30/lantern/binres_iterElements.pml:45, Error: place initialized chan decl of 'child_binresiterElementsRecurse0' at start of proctype ,
lantern,      timeout,
lantern,1 process created,
lantern,1 process created,
lantern,spin: /Users/redfloyd/go/src/github.com/nicolasdilley/gomela/result2020-10-08--12:09:30/lantern/coff_freezeRSRC.pml:31, Error: undeclared variable: coff_Dir_Dirs	saw '')' = 41',
lantern,      timeout,
lantern,spin: too many processes (255 max),
lantern,1 process created,
lantern,      timeout,
lantern,      timeout,
lantern,      timeout,
lantern,      timeout,
lantern,      timeout,
lantern,1 process created,
lantern,      timeout,
lantern,1 process created,
lantern,1 process created,
lantern,      timeout,
lantern,spin: /Users/redfloyd/go/src/github.com/nicolasdilley/gomela/result2020-10-08--12:09:30/lantern/dns_parseZoneHelper.pml:254, Error: place initialized chan decl of 'child_dnsslurpRemainder0' at start of proctype ,
lantern,1 process created,
lantern,1 process created,
lantern,1 process created,
lantern,      timeout,
lantern,1 process created,
lantern,1 process created,
lantern,spin: /Users/redfloyd/go/src/github.com/nicolasdilley/gomela/result2020-10-08--12:09:30/lantern/http2_Init.pml:19, Error: syntax error statement separator near 'bool',
lantern,      timeout,
lantern,1 process created,
lantern,      timeout,
lantern,      timeout,
lantern,      timeout,
lantern,      timeout,
lantern,1 process created,
lantern,      timeout,
lantern,1 process created,
lantern,      timeout,
lantern,      timeout,
lantern,      timeout,
lantern,spin: /Users/redfloyd/go/src/github.com/nicolasdilley/gomela/result2020-10-08--12:09:30/lantern/panicwrap_Wrap.pml:137, Error: undeclared variable: panicHeaders	saw '')' = 41',
lantern,      timeout,
lantern,      timeout,
lantern,      timeout,
lantern,1 process created,
lantern,      timeout,
lantern,1 process created,
lantern,      timeout,
lantern,      timeout,
lantern,      timeout,
lantern,      timeout,
lantern,      timeout,
lantern,      timeout,
lantern,      timeout,
lantern,      timeout,
lantern,spin: /Users/redfloyd/go/src/github.com/nicolasdilley/gomela/result2020-10-08--12:09:30/lantern/tlsdialer_DialForTimings.pml:61, Error: redeclaration of 'resolvedCh' statement separator near 'if',
lantern,      timeout,
lantern,      timeout,
lantern,      timeout,
lantern,      timeout,
hugo,1 process created,
hugo,,
hugo,1 process created,
hugo,      timeout,
hugo,spin: /Users/redfloyd/go/src/github.com/nicolasdilley/gomela/result2020-10-08--12:09:30/hugo/hugolib_Build.pml:22, Error: undeclared variable: errCollector	saw '',' = 44',
hugo,1 process created,
hugo,      timeout,
hugo,      timeout,
hugo,      timeout,
hugo,1 process created,
hugo,      timeout,
hugo,      timeout,
gogs,1 process created,
gogs,      timeout,
gogs,1 process created,
grafana,      timeout,
grafana,      timeout,
grafana,spin: /Users/redfloyd/go/src/github.com/nicolasdilley/gomela/result2020-10-08--12:09:30/grafana/alerting_processJobWithRetry.pml:51, Error: place initialized chan decl of 'child_eendJob0' at start of proctype ,
grafana,      timeout,
grafana,      timeout,
grafana,      timeout,
grafana,      timeout,
grafana,      timeout,
grafana,1 process created,
grafana,      timeout,
grafana,      timeout,
syncthing,      timeout,
syncthing,      timeout,
syncthing,      timeout,
syncthing,      timeout,
syncthing,      timeout,
syncthing,      timeout,
syncthing,      timeout,
syncthing,      timeout,
syncthing,      timeout,
syncthing,,
syncthing,      timeout,
syncthing,spin: /Users/redfloyd/go/src/github.com/nicolasdilley/gomela/result2020-10-08--12:09:30/syncthing/model_AddConnection.pml:18, Error: syntax error statement separator near 'bool',
syncthing,      timeout,
syncthing,      timeout,
syncthing,      timeout,
syncthing,spin: /Users/redfloyd/go/src/github.com/nicolasdilley/gomela/result2020-10-08--12:09:30/syncthing/model_revert.pml:49, Error: undeclared variable: toBeScanned	saw '')' = 41',
syncthing,      timeout,
syncthing,      timeout,
syncthing,      timeout,
syncthing,      timeout,
syncthing,      timeout,
syncthing,spin: /Users/redfloyd/go/src/github.com/nicolasdilley/gomela/result2020-10-08--12:09:30/syncthing/scanner_walk.pml:57, Error: undeclared variable: w_Subs	saw '')' = 41',
syncthing,1 process created,
syncthing,      timeout,
syncthing,      timeout,
syncthing,      timeout,
syncthing,      timeout,
syncthing,1 process created,
syncthing,      timeout,
syncthing,      timeout,
syncthing,      timeout,
syncthing,      timeout,
syncthing,1 process created,
syncthing,      timeout,
syncthing,      timeout,
etcd,      timeout,
etcd,      timeout,
etcd,      timeout,
etcd,1 process created,
etcd,      timeout,
etcd,,
etcd,      timeout,
etcd,      timeout,
etcd,      timeout,
etcd,spin: /Users/redfloyd/go/src/github.com/nicolasdilley/gomela/result2020-10-08--12:09:30/etcd/clientv3_KeepAlive.pml:65, Error: undeclared variable: ka_ctxs	saw '')' = 41',
etcd,      timeout,
etcd,1 process created,
etcd,      timeout,
etcd,      timeout,
etcd,spin: /Users/redfloyd/go/src/github.com/nicolasdilley/gomela/result2020-10-08--12:09:30/etcd/cmd_benchMakeWatches.pml:70, Error: undeclared variable: watchWatchesPerStream	saw ''-' = 45',
etcd,spin: /Users/redfloyd/go/src/github.com/nicolasdilley/gomela/result2020-10-08--12:09:30/etcd/cmd_benchPutWatches.pml:66, Error: undeclared variable: watchPutTotal	saw ''-' = 45',
etcd,spin: /Users/redfloyd/go/src/github.com/nicolasdilley/gomela/result2020-10-08--12:09:30/etcd/cmd_leaseKeepaliveFunc.pml:54, Error: undeclared variable: leaseKeepaliveTotal	saw ''-' = 45',
etcd,spin: /Users/redfloyd/go/src/github.com/nicolasdilley/gomela/result2020-10-08--12:09:30/etcd/cmd_putFunc.pml:70, Error: undeclared variable: putTotal	saw ''-' = 45',
etcd,spin: /Users/redfloyd/go/src/github.com/nicolasdilley/gomela/result2020-10-08--12:09:30/etcd/cmd_rangeFunc.pml:62, Error: undeclared variable: rangeTotal	saw ''-' = 45',
etcd,spin: /Users/redfloyd/go/src/github.com/nicolasdilley/gomela/result2020-10-08--12:09:30/etcd/cmd_stmFunc.pml:55, Error: undeclared variable: stmTotal	saw ''-' = 45',
etcd,spin: /Users/redfloyd/go/src/github.com/nicolasdilley/gomela/result2020-10-08--12:09:30/etcd/cmd_txnPutFunc.pml:63, Error: undeclared variable: txnPutTotal	saw ''-' = 45',
etcd,1 process created,
etcd,      timeout,
etcd,      timeout,
etcd,      timeout,
etcd,      timeout,
etcd,      timeout,
etcd,      timeout,
etcd,spin: /Users/redfloyd/go/src/github.com/nicolasdilley/gomela/result2020-10-08--12:09:30/etcd/concurrency_NewSession.pml:51, Error: undeclared variable: keepAlive	saw '')' = 41',
etcd,spin: /Users/redfloyd/go/src/github.com/nicolasdilley/gomela/result2020-10-08--12:09:30/etcd/concurrency_Observe.pml:56, Error: undeclared variable: wr_Events	saw '')' = 41',
etcd,      timeout,
etcd,      timeout,
etcd,      timeout,
etcd,      timeout,
etcd,      timeout,
etcd,      timeout,
etcd,      timeout,
etcd,      timeout,
etcd,      timeout,
etcd,1 process created,
etcd,      timeout,
etcd,      timeout,
etcd,,
etcd,,
etcd,      timeout,
etcd,1 process created,
etcd,      timeout,
etcd,spin: /Users/redfloyd/go/src/github.com/nicolasdilley/gomela/result2020-10-08--12:09:30/etcd/grpcproxy_gotLeader.pml:20, Error: no field 'async_rcv' defined in structure 'l_leaderc',
etcd,      timeout,
etcd,spin: /Users/redfloyd/go/src/github.com/nicolasdilley/gomela/result2020-10-08--12:09:30/etcd/grpcproxy_newWatchBroadcast.pml:30, Error: undeclared variable: wch	saw '')' = 41',
etcd,      timeout,
etcd,1 process created,
etcd,      timeout,
etcd,      timeout,
etcd,      timeout,
etcd,      timeout,
etcd,      timeout,
etcd,1 process created,
etcd,      timeout,
etcd,      timeout,
etcd,1 process created,
etcd,      timeout,
etcd,      timeout,
etcd,1 process created,
etcd,      timeout,
etcd,      timeout,
etcd,      timeout,
etcd,      timeout,
etcd,      timeout,
etcd,      timeout,
etcd,      timeout,
etcd,      timeout,
etcd,      timeout,
etcd,spin: /Users/redfloyd/go/src/github.com/nicolasdilley/gomela/result2020-10-08--12:09:30/etcd/mvcc_restoreIntoIndex.pml:61, Error: undeclared variable: kiCache	saw '')' = 41',
etcd,1 process created,
etcd,spin: /Users/redfloyd/go/src/github.com/nicolasdilley/gomela/result2020-10-08--12:09:30/etcd/namespace_Watch.pml:31, Error: undeclared variable: wch	saw '')' = 41',
etcd,spin: /Users/redfloyd/go/src/github.com/nicolasdilley/gomela/result2020-10-08--12:09:30/etcd/osutil_HandleInterrupts.pml:41, Error: undeclared variable: ihs	saw '')' = 41',
etcd,      timeout,
etcd,      timeout,
etcd,      timeout,
etcd,      timeout,
etcd,      timeout,
etcd,1 process created,
etcd,1 process created,
etcd,      timeout,
etcd,      timeout,
etcd,      timeout,
etcd,      timeout,
etcd,      timeout,
etcd,spin: /Users/redfloyd/go/src/github.com/nicolasdilley/gomela/result2020-10-08--12:09:30/etcd/rafttest_start.pml:36, Error: syntax error	saw 'process name' near 'Anonymous0',
etcd,      timeout,
etcd,spin: /Users/redfloyd/go/src/github.com/nicolasdilley/gomela/result2020-10-08--12:09:30/etcd/report_Run.pml:44, Error: syntax error	saw 'process name' near 'Anonymous0',
etcd,spin: /Users/redfloyd/go/src/github.com/nicolasdilley/gomela/result2020-10-08--12:09:30/etcd/report_Stats.pml:44, Error: syntax error	saw 'process name' near 'Anonymous0',
etcd,      timeout,
etcd,      timeout,
etcd,spin: /Users/redfloyd/go/src/github.com/nicolasdilley/gomela/result2020-10-08--12:09:30/etcd/runner_performWatchOnPrefixes.pml:41, Error: undeclared variable: keys	saw '')' = 41',
etcd,      timeout,
etcd,      timeout,
etcd,      timeout,
etcd,spin: /Users/redfloyd/go/src/github.com/nicolasdilley/gomela/result2020-10-08--12:09:30/etcd/tester_Close.pml:29, Error: undeclared variable: errs	saw '')' = 41',
etcd,spin: /Users/redfloyd/go/src/github.com/nicolasdilley/gomela/result2020-10-08--12:09:30/etcd/tester_Pause.pml:29, Error: undeclared variable: errs	saw '')' = 41',
etcd,      timeout,
etcd,      timeout,
etcd,      timeout,
etcd,      timeout,
etcd,      timeout,
etcd,      timeout,
etcd,spin: /Users/redfloyd/go/src/github.com/nicolasdilley/gomela/result2020-10-08--12:09:30/etcd/testutil_Chan.pml:30, Error: undeclared variable: acts	saw '')' = 41',
etcd,      timeout,
etcd,1 process created,
etcd,      timeout,
etcd,      timeout,
etcd,,
etcd,      timeout,
etcd,1 process created,
etcd,      timeout,
etcd,      timeout,
caddy,      timeout,
caddy,1 process created,
caddy,      timeout,
caddy,1 process created,
caddy,1 process created,
prometheus,spin: /Users/redfloyd/go/src/github.com/nicolasdilley/gomela/result2020-10-08--12:09:30/prometheus/azure_refresh.pml:109, Error: undeclared variable: vm_Tags	saw '')' = 41',
prometheus,      timeout,
prometheus,spin: /Users/redfloyd/go/src/github.com/nicolasdilley/gomela/result2020-10-08--12:09:30/prometheus/discovery_startProvider.pml:58, Error: undeclared variable: p_subs	saw '')' = 41',
prometheus,      timeout,
prometheus,      timeout,
prometheus,1 process created,
prometheus,      timeout,
prometheus,      timeout,
prometheus,1 process created,
prometheus,      timeout,
prometheus,      timeout,
prometheus,      timeout,
prometheus,      timeout,
prometheus,      timeout,
prometheus,      timeout,
prometheus,      timeout,
prometheus,      timeout,
prometheus,      timeout,
prometheus,      timeout,
prometheus,      timeout,
prometheus,      timeout,
prometheus,1 process created,
prometheus,      timeout,
prometheus,1 process created,
prometheus,      timeout,
prometheus,      timeout,
prometheus,      timeout,
prometheus,      timeout,
prometheus,1 process created,
prometheus,      timeout,
traefik,      timeout,
traefik,      timeout,
traefik,      timeout,
traefik,      timeout,
traefik,      timeout,
traefik,      timeout,
traefik,      timeout,
traefik,      timeout,
traefik,      timeout,
traefik,1 process created,
traefik,1 process created,
traefik,      timeout,
beego,      timeout,
beego,      timeout,
beego,      timeout,
beego,      timeout,
beego,      timeout,
beego,      timeout,
beego,      timeout,
beego,      timeout,
beego,      timeout,
beego,      timeout,
beego,      timeout,
fzf,      timeout,
fzf,spin: /Users/redfloyd/go/src/github.com/nicolasdilley/gomela/result2020-10-08--12:09:30/fzf/fzf_scan.pml:103, Error: undeclared variable: chunks	saw '')' = 41',
drone,,
drone,,
drone,      timeout,
drone,      timeout,
drone,      timeout,
tidb,      timeout,
tidb,1 process created,
tidb,      timeout,
tidb,      timeout,
tidb,      timeout,
tidb,spin: /Users/redfloyd/go/src/github.com/nicolasdilley/gomela/result2020-10-08--12:09:30/tidb/domain_fetchAllSchemasWithTables.pml:75, Error: undeclared variable: tables	saw '')' = 41',
tidb,      timeout,
tidb,      timeout,
tidb,1 process created,
tidb,      timeout,
tidb,1 process created,
tidb,1 process created,
tidb,      timeout,
tidb,      timeout,
tidb,      timeout,
tidb,1 process created,
tidb,,
tidb,      timeout,
tidb,      timeout,
tidb,      timeout,
tidb,spin: /Users/redfloyd/go/src/github.com/nicolasdilley/gomela/result2020-10-08--12:09:30/tidb/server_zipInfoForSQL.pml:158, Error: place initialized chan decl of 'child_serverdumpCPUProfile0' at start of proctype ,
tidb,      timeout,
tidb,1 process created,
tidb,1 process created,
tidb,      timeout,
tidb,spin: /Users/redfloyd/go/src/github.com/nicolasdilley/gomela/result2020-10-08--12:09:30/tidb/tikv_RunOnRange.pml:45, Error: place initialized chan decl of 'child_screateWorker0' at start of proctype ,
tidb,spin: /Users/redfloyd/go/src/github.com/nicolasdilley/gomela/result2020-10-08--12:09:30/tidb/tikv_Send.pml:53, Error: redeclaration of 'it_respChan' statement separator near 'if',
tidb,      timeout,
tidb,1 process created,
tidb,      timeout,
tidb,      timeout,
tidb,      timeout,
tidb,      timeout,
tidb,      timeout,
tidb,spin: /Users/redfloyd/go/src/github.com/nicolasdilley/gomela/result2020-10-08--12:09:30/tidb/tikv_process.pml:69, Error: place initialized chan decl of 'child_batchExe_rateLimitergetToken0' at start of proctype ,
tidb,1 process created,
tidb,1 process created,
tidb,1 process created,
tidb,      timeout,
tidb,      timeout,
tidb,1 process created,
tidb,      timeout,
frp,      timeout,
frp,spin: /Users/redfloyd/go/src/github.com/nicolasdilley/gomela/result2020-10-08--12:09:30/frp/client_Run.pml:22, Error: redeclaration of 'sv_readCh' statement separator near 'int',
frp,      timeout,
frp,1 process created,
frp,1 process created,
frp,      timeout,
frp,      timeout,
frp,1 process created,
frp,1 process created,
frp,      timeout,
frp,      timeout,
frp,1 process created,
frp,      timeout,
frp,      timeout,
frp,      timeout,
frp,1 process created,
ngrok,      timeout,
ngrok,      timeout,
ngrok,      timeout,
ngrok,,
ngrok,1 process created,
ngrok,      timeout,
ngrok,spin: /Users/redfloyd/go/src/github.com/nicolasdilley/gomela/result2020-10-08--12:09:30/ngrok/server_NewKeenIoMetrics.pml:47, Error: undeclared variable: batch	saw '')' = 41',
ngrok,      timeout,
ngrok,      timeout,
ngrok,spin: /Users/redfloyd/go/src/github.com/nicolasdilley/gomela/result2020-10-08--12:09:30/ngrok/util_NewBroadcast.pml:41, Error: undeclared variable: oldListeners	saw '')' = 41',
ngrok,      timeout,
influxdb,1 process created,
influxdb,1 process created,
influxdb,      timeout,
influxdb,1 process created,
influxdb,      timeout,
influxdb,      timeout,
influxdb,      timeout,
influxdb,1 process created,
influxdb,      timeout,
influxdb,      timeout,
influxdb,      timeout,
influxdb,1 process created,
influxdb,      timeout,
influxdb,1 process created,
influxdb,      timeout,
influxdb,      timeout,
influxdb,      timeout,
influxdb,1 process created,
influxdb,      timeout,
influxdb,      timeout,
influxdb,      timeout,
influxdb,      timeout,
influxdb,      timeout,
influxdb,1 process created,
influxdb,      timeout,
influxdb,      timeout,
influxdb,1 process created,
influxdb,      timeout,
influxdb,      timeout,
influxdb,      timeout,
influxdb,      timeout,
influxdb,      timeout,
influxdb,1 process created,
influxdb,1 process created,
influxdb,      timeout,
influxdb,1 process created,
influxdb,      timeout,
influxdb,      timeout,
influxdb,spin: /Users/redfloyd/go/src/github.com/nicolasdilley/gomela/result2020-10-08--12:09:30/influxdb/tsm1_apply.pml:67, Error: undeclared variable: p_store	saw '')' = 41',
influxdb,      timeout,
influxdb,      timeout,
influxdb,1 process created,
influxdb,1 process created,
influxdb,1 process created,
influxdb,1 process created,
